epoch,average_loss
5,40.05710649122481
6,39.98396153120676
